{"train_acc": [0.3039, 0.40034, 0.454, 0.49114, 0.5166, 0.54156, 0.56508, 0.57894, 0.59792, 0.6089, 0.61976, 0.6337, 0.63768, 0.65024, 0.65828, 0.6679, 0.6723, 0.68236, 0.68908, 0.69546], "test_acc": [0.4008, 0.4535, 0.5131, 0.5334, 0.5613, 0.5887, 0.5916, 0.618, 0.6206, 0.6301, 0.6453, 0.656, 0.6588, 0.6714, 0.6698, 0.6827, 0.6858, 0.6958, 0.6966, 0.6939], "train_loss": [1.9154689922714234, 1.6607921578979492, 1.5301565032196045, 1.4342854831314087, 1.3589594176483155, 1.2985676734542846, 1.2371375324249267, 1.1958966785812377, 1.152040461139679, 1.114576266517639, 1.0826425140953064, 1.0462262884140014, 1.028441993331909, 1.0006368350219728, 0.9768944404506683, 0.95107427318573, 0.9330010402679443, 0.9081453573608398, 0.8920783113479615, 0.8696024850273132], "test_loss": [1.657211888885498, 1.516889546585083, 1.3907887104034424, 1.3341318359375, 1.255625496673584, 1.190910038471222, 1.1657914335250854, 1.096926771736145, 1.0842531589508058, 1.059381644630432, 1.0197903053283692, 0.989308173751831, 0.984415684890747, 0.9475101810455322, 0.9570920225143432, 0.9263946399688721, 0.9181459797859192, 0.8854344907760621, 0.8783734966278076, 0.8910160089492798], "sparsity": [0.49916041949535084, 0.5073658873631061, 0.4908571380888952, 0.5018339336855924, 0.49739963794798997, 0.5034882944519368, 0.4987726066507042, 0.5078290976273073, 0.5104064812481086, 0.5118984855633012, 0.5063360757950486, 0.5106682191663052, 0.512797208007749, 0.5126302290935906, 0.5156836093796968, 0.5221644373905763, 0.5226476836170438, 0.5236727150367014, 0.5224951284535759, 0.5310235161721187], "sparsity_lambda": 0.001, "bottleneck": 2}