{"train_acc": [0.2871, 0.39134, 0.43268, 0.46702, 0.49656, 0.51728, 0.53258, 0.55312, 0.56594, 0.58106, 0.58992, 0.60422, 0.61146, 0.61894, 0.63006, 0.63748, 0.64682, 0.65412, 0.65956, 0.66704], "test_acc": [0.3915, 0.4281, 0.4617, 0.5099, 0.5257, 0.5474, 0.5632, 0.5543, 0.6015, 0.6081, 0.6173, 0.6248, 0.6269, 0.641, 0.6489, 0.6542, 0.6679, 0.6617, 0.6685, 0.6658], "train_loss": [1.9438983931732177, 1.686557498550415, 1.5799957608413697, 1.4948261895751953, 1.422546206855774, 1.370187130432129, 1.3163626300811768, 1.272289485206604, 1.2324040559196472, 1.1974824039459229, 1.165704416923523, 1.1328525239944458, 1.1050894812774659, 1.0842488948249818, 1.057890084877014, 1.036823043937683, 1.0135889483642577, 0.9922570418548584, 0.9768014942550659, 0.9531376410293579], "test_loss": [1.7129025089263916, 1.5835919050216676, 1.5265404067993165, 1.373933191871643, 1.332022310447693, 1.2756012176513671, 1.238342067718506, 1.2641779074668884, 1.141538660621643, 1.126503830718994, 1.1000282248497009, 1.0739296648025514, 1.0773065439224243, 1.0406644561767577, 1.0078714570999145, 0.9938901746749877, 0.965921375465393, 0.9760823169708251, 0.9618582131385803, 0.9571421116828919], "sparsity": [0.5381050997463451, 0.5311787976069459, 0.5390418511473372, 0.5373146932828291, 0.5435551452835065, 0.5448288098742744, 0.5411589451547749, 0.5433011617180772, 0.5500518320813285, 0.5548605423638093, 0.5569147218827942, 0.5576907640995415, 0.5548913425855638, 0.5593890794213286, 0.5646755933048789, 0.5627636182421316, 0.5626661686690874, 0.5667211278957306, 0.5670505664011724, 0.5681573403419327], "sparsity_lambda": 0.0001, "bottleneck": 2}