{"train_acc": [0.28906, 0.39842, 0.44618, 0.48448, 0.50942, 0.53186, 0.55206, 0.57052, 0.58248, 0.59446, 0.60406, 0.61594, 0.62418, 0.63392, 0.64198, 0.65, 0.6549, 0.66146, 0.66644, 0.67476], "test_acc": [0.3939, 0.464, 0.4902, 0.522, 0.5439, 0.5773, 0.5926, 0.6057, 0.6116, 0.613, 0.6222, 0.6404, 0.6401, 0.6556, 0.6571, 0.6639, 0.6631, 0.6757, 0.6817, 0.6849], "train_loss": [1.9456274857711793, 1.6749135852813721, 1.547570117034912, 1.4548632213974, 1.384586526374817, 1.323584052619934, 1.2717959098052978, 1.2278905876159667, 1.193025343322754, 1.157935026397705, 1.1270216486740112, 1.0985440015411376, 1.0759916970825196, 1.0468418992996216, 1.02785322429657, 1.0072418850326539, 0.9873655666351319, 0.9672627147674561, 0.9577177696228028, 0.9360646738243104], "test_loss": [1.67710619430542, 1.516112366104126, 1.425129070854187, 1.3476212432861328, 1.2930987285614013, 1.2103578510284423, 1.177545906829834, 1.1273337553024292, 1.1091770534515382, 1.1141667137145996, 1.066751397895813, 1.025626911830902, 1.0322706623077393, 0.9995931743621826, 0.9834849384307861, 0.9771084191322327, 0.9699456937789916, 0.9471025401115417, 0.9187613119125366, 0.904219582939148], "sparsity": [0.5211463768553799, 0.5283060494098988, 0.5246931398610648, 0.527987395990318, 0.5324693186670817, 0.5337894627630486, 0.533266163454957, 0.5337013672065413, 0.5373570233812014, 0.5374017752891985, 0.5438045877079558, 0.5436230223990535, 0.5405832823953315, 0.547118392859047, 0.5526626975673019, 0.5432117481496977, 0.5505972370964397, 0.5515186880556239, 0.5533427797925189, 0.5590445408039497], "sparsity_lambda": 0.01, "bottleneck": 2}