{"train_acc": [0.30522, 0.3912, 0.43256, 0.46524, 0.49036, 0.51134, 0.53492, 0.55074, 0.56364, 0.57726, 0.59156, 0.60342, 0.61216, 0.6207, 0.62898, 0.63914, 0.6461, 0.65382, 0.66118, 0.66598], "test_acc": [0.3905, 0.4526, 0.4764, 0.5005, 0.526, 0.5409, 0.5659, 0.5742, 0.5935, 0.607, 0.6115, 0.6233, 0.6345, 0.6445, 0.6473, 0.6465, 0.6632, 0.6666, 0.6687, 0.6794], "train_loss": [1.9154417831420898, 1.6942231811523438, 1.5847367038345337, 1.4977673986434936, 1.432068863067627, 1.3774986643600464, 1.3212132414245605, 1.2754305573654174, 1.2433998152923584, 1.2095507306671143, 1.1710222095489502, 1.1376932603836059, 1.1102352176094055, 1.0887853023719787, 1.0618410317230225, 1.0380730423736573, 1.0200661891555787, 1.0000233741760254, 0.9807551955795288, 0.9625940781402588], "test_loss": [1.6707810659408568, 1.5295275072097778, 1.452897681427002, 1.4077606744766236, 1.3249108379364014, 1.2809198566436768, 1.2323331051826476, 1.214954775619507, 1.149377976989746, 1.1190669415473937, 1.107936503982544, 1.086292045211792, 1.0539277568817138, 1.0254115674972535, 1.0260832063674927, 1.020306303691864, 0.9710089405059814, 0.9615358904838562, 0.9501322443008423, 0.9348092496871948], "sparsity": [0.4933193955048928, 0.5167037505686988, 0.5250365677385666, 0.5334139751641102, 0.5504803089145317, 0.5504325014801402, 0.5521454795600379, 0.5604391272815231, 0.5640028746900084, 0.5567863867990407, 0.5627724496158871, 0.5631610290693955, 0.5632365286373494, 0.5656604159409833, 0.571323434940538, 0.5740592160182146, 0.5754704992962987, 0.5784091203184536, 0.580330394852476, 0.5823631757693809], "sparsity_lambda": 0.1, "bottleneck": 2}