{"train_acc": [0.29998, 0.39312, 0.44344, 0.4831, 0.51044, 0.53342, 0.55448, 0.57422, 0.5872, 0.60296, 0.61326, 0.6247, 0.63724, 0.64612, 0.65246, 0.66006, 0.66738, 0.67722, 0.68172, 0.68874], "test_acc": [0.3885, 0.4451, 0.4899, 0.516, 0.5487, 0.5649, 0.5798, 0.5784, 0.6125, 0.6366, 0.6266, 0.6576, 0.6582, 0.6633, 0.6719, 0.6788, 0.6797, 0.6819, 0.6895, 0.6932], "train_loss": [1.9184582484436035, 1.6768560758209228, 1.5494512816238404, 1.455650050354004, 1.3732159132003785, 1.3114894012451173, 1.2602893126296997, 1.2096046502685547, 1.1729292266082765, 1.1298433841323852, 1.100565354309082, 1.0676454363250731, 1.0390750814819336, 1.0122487169647216, 0.9918291576194763, 0.9709582136154175, 0.9491835024070739, 0.929162115020752, 0.9114510234832763, 0.8939102570343017], "test_loss": [1.6897474493026734, 1.5277326816558838, 1.4283416275024414, 1.368149663925171, 1.2758369737625121, 1.2256953104019166, 1.190880221748352, 1.1978822589874267, 1.124613489151001, 1.0528854557037353, 1.073981105041504, 0.9947434404373169, 0.9828032000541687, 0.9743825517654419, 0.9433982071876525, 0.9340891296386719, 0.9215383308410644, 0.9140572175025939, 0.9030468112945557, 0.8857664627075196], "sparsity": [0.4896876737911215, 0.48701551529856946, 0.48877231702528123, 0.4973524493543872, 0.4897919841663713, 0.5014117969952773, 0.49630098530084926, 0.5077471389086213, 0.5027243374817458, 0.5060942915253593, 0.5071150872575033, 0.5085993292860723, 0.5110531113601143, 0.518503157103556, 0.5124318975629352, 0.5174090098950421, 0.5205913302214422, 0.5196871433334915, 0.5229675588504895, 0.5285948457448888], "sparsity_lambda": 0, "bottleneck": 2}