{"train_acc": [0.29854, 0.40616, 0.4583, 0.49518, 0.52592, 0.55162, 0.57126, 0.58584, 0.60228, 0.6157, 0.62652, 0.63822, 0.65138, 0.65828, 0.6641, 0.67182, 0.67946, 0.68598, 0.69524, 0.70008], "test_acc": [0.3988, 0.4697, 0.5021, 0.5429, 0.5554, 0.5794, 0.6054, 0.6187, 0.6308, 0.6433, 0.6315, 0.6556, 0.658, 0.6728, 0.6736, 0.6852, 0.6882, 0.6958, 0.6992, 0.7057], "train_loss": [1.9225004369354248, 1.6473578835296632, 1.506988812522888, 1.4142502921676636, 1.3329108783721924, 1.2657677307128907, 1.215450768814087, 1.1697602113342285, 1.1263043488311768, 1.0907791521072387, 1.0615311504936218, 1.0261121048736572, 0.9999908652496338, 0.974147000465393, 0.9576108922195434, 0.9367514950370789, 0.9125456252288818, 0.8986307207489014, 0.8760750070953369, 0.8562511772346496], "test_loss": [1.6565831100463868, 1.4789603923797607, 1.4065080848693847, 1.3014969120025635, 1.260758863067627, 1.1907716997146607, 1.122425110244751, 1.086689729309082, 1.0588541013717652, 1.0128416300773622, 1.0357826713562013, 0.991493494796753, 0.988797036933899, 0.934901124382019, 0.9486905437469483, 0.9011961330413818, 0.8925016233444214, 0.8895772375106812, 0.8621885816574096, 0.8570285850524902]}