{"train_acc": [0.29842, 0.40334, 0.45746, 0.49706, 0.52854, 0.55054, 0.57276, 0.58596, 0.59998, 0.60688, 0.62276, 0.6324, 0.64122, 0.64696, 0.6553, 0.6593, 0.66956, 0.67448, 0.68128, 0.68648], "test_acc": [0.3961, 0.4706, 0.5125, 0.5561, 0.5767, 0.5957, 0.6008, 0.6144, 0.6313, 0.6359, 0.6509, 0.6478, 0.6618, 0.6734, 0.6672, 0.6758, 0.6807, 0.6863, 0.7049, 0.6964], "train_loss": [1.919663007888794, 1.6597579287719726, 1.5172570861816406, 1.4175844696807862, 1.3393047494888306, 1.2776268519973755, 1.2243862250900268, 1.1815638845062255, 1.140519416656494, 1.1158916229248046, 1.0818418264770508, 1.053027486038208, 1.0268497882652283, 1.0102052671051025, 0.9864716779327393, 0.9703275395202636, 0.9465463035583496, 0.9333921173095703, 0.9125137002182007, 0.8972534190368653], "test_loss": [1.6840404037475587, 1.48519408493042, 1.3641781314849855, 1.2770835456848144, 1.2045530334472656, 1.1583865421295165, 1.1454280628204345, 1.0988398231506347, 1.0663967723846435, 1.052379277229309, 1.0176911546707152, 1.012330862045288, 0.9856065492630005, 0.9575837410926819, 0.961311095237732, 0.9310275875091553, 0.9249248110771179, 0.9011931369781494, 0.8687260858535767, 0.877280330657959]}