{"train_acc": [0.30748, 0.39624, 0.44226, 0.4766, 0.50222, 0.5299, 0.54762, 0.56738, 0.58336, 0.59698, 0.6107, 0.62368, 0.63376, 0.64148, 0.65098, 0.66218, 0.66796, 0.67526, 0.68534, 0.692], "test_acc": [0.4133, 0.4457, 0.4908, 0.5053, 0.5468, 0.5662, 0.5698, 0.6063, 0.6106, 0.6222, 0.6342, 0.6357, 0.6463, 0.651, 0.668, 0.6724, 0.68, 0.6843, 0.6742, 0.6868], "train_loss": [1.9059358537292481, 1.6718888920593262, 1.552460798034668, 1.4690303594970704, 1.3949379678344727, 1.3290524213218688, 1.277147137527466, 1.2265975678253174, 1.1824099844741822, 1.1440321801757813, 1.1059279562759399, 1.0756745389556885, 1.0495361921882629, 1.0195090433502196, 0.9968447602844238, 0.9661584603691101, 0.9472763085556031, 0.9279069303512574, 0.9034717712020874, 0.8853454050445556], "test_loss": [1.6581839534759522, 1.5491807363510133, 1.4309671306610108, 1.3820896125793456, 1.2790166334152222, 1.2342545728683472, 1.2406852233886718, 1.1264739179611205, 1.1097850568771361, 1.088619557094574, 1.0561471267700195, 1.0371349710464477, 1.0297128241539002, 1.0146089200973512, 0.9632730128288269, 0.9473587864875793, 0.9394798919677735, 0.91511383934021, 0.9242183324813843, 0.9012897529602051]}