{"train_acc": [0.29612, 0.39604, 0.44174, 0.47662, 0.50356, 0.52604, 0.54606, 0.5644, 0.57512, 0.59308, 0.60124, 0.61136, 0.6247, 0.6283, 0.63742, 0.64864, 0.65474, 0.6603, 0.66854, 0.67676], "test_acc": [0.3904, 0.4519, 0.4992, 0.5189, 0.5513, 0.5653, 0.5785, 0.5907, 0.6089, 0.6071, 0.6289, 0.6325, 0.6424, 0.6518, 0.6542, 0.6608, 0.6676, 0.6601, 0.6778, 0.6815], "train_loss": [1.935554857711792, 1.669890549545288, 1.558198528289795, 1.4698278065872192, 1.3950202529525757, 1.3324189626312255, 1.2815720167541504, 1.2346512435340882, 1.202030673789978, 1.1632159030914306, 1.1335097620773316, 1.1019697545051574, 1.0772720331573487, 1.0571046195983886, 1.027685115737915, 1.0008467179870606, 0.9864418340682983, 0.964941216802597, 0.9456349532318116, 0.9268043927574158], "test_loss": [1.6920690689086915, 1.5312965671539307, 1.4107788467407227, 1.366532502746582, 1.2787656675338746, 1.242722769832611, 1.2045919492721557, 1.1558720996856688, 1.120350752735138, 1.1319194312095642, 1.0695030347824097, 1.0650251329421998, 1.0358330861091614, 1.0042550342559815, 1.002733901977539, 0.9954833576202392, 0.9684364085197449, 1.0081221086502075, 0.9515114255905152, 0.945309711265564]}