{"train_acc": [0.31654, 0.41182, 0.46552, 0.51382, 0.54144, 0.57024, 0.59634, 0.61452, 0.63256, 0.6491, 0.66584, 0.67724, 0.68706, 0.69564, 0.70802, 0.71772, 0.72276, 0.7326, 0.73852, 0.74352], "test_acc": [0.3909, 0.4603, 0.5081, 0.5413, 0.5884, 0.5987, 0.6249, 0.6434, 0.6646, 0.6745, 0.6833, 0.676, 0.6961, 0.6946, 0.7185, 0.7203, 0.7279, 0.722, 0.7312, 0.7281], "train_loss": [1.8778744815063477, 1.6236510137176514, 1.4818208112716675, 1.3655114776611328, 1.2827327588272095, 1.2073510356903077, 1.1433480293273925, 1.0952452480316162, 1.0437697632598877, 1.003431262359619, 0.9563818547821045, 0.9247078298950195, 0.8928980630111695, 0.8662167811203003, 0.841239125328064, 0.8119548081207275, 0.7930681531143189, 0.769408384552002, 0.7485329327964783, 0.7343044191741943], "test_loss": [1.6671736133575439, 1.5012264013290406, 1.3646151477813722, 1.3001143083572388, 1.1658089616775513, 1.1404036045074464, 1.0660392720222474, 1.0219000591278076, 0.969622829246521, 0.9363662666320801, 0.9096741035461425, 0.928733212852478, 0.8670864615440369, 0.8882716388702393, 0.814060835647583, 0.8108622856140136, 0.795500761604309, 0.8039072948455811, 0.7874339985847473, 0.7921011434555054]}