{"train_acc": [0.31698, 0.4116, 0.46732, 0.5064, 0.53516, 0.56116, 0.58232, 0.60288, 0.62044, 0.6339, 0.64878, 0.66122, 0.6734, 0.6835, 0.6903, 0.70194, 0.71054, 0.7163, 0.72562, 0.73002], "test_acc": [0.4135, 0.4644, 0.5171, 0.5441, 0.5686, 0.5989, 0.6111, 0.6323, 0.6458, 0.6513, 0.6744, 0.678, 0.684, 0.6937, 0.6974, 0.7017, 0.7108, 0.7131, 0.7199, 0.7209], "train_loss": [1.8768709288787842, 1.627286000442505, 1.4878004524230957, 1.3851653272628783, 1.3100646566009522, 1.2358164915847778, 1.178050283164978, 1.1243592616271973, 1.0804913438034058, 1.0379190267753602, 1.0003883227157593, 0.9650037537002564, 0.9334759203720093, 0.9071702905273438, 0.8813412686347961, 0.8578767103767395, 0.8313608246612549, 0.8128903561592102, 0.7929780982780457, 0.7759732154083252], "test_loss": [1.6024328319549561, 1.4967277601242066, 1.3522023895263673, 1.2780267156600953, 1.2245649333953856, 1.1450219520568847, 1.0950722372055053, 1.0445800537109375, 1.0053122640609742, 0.997536586856842, 0.9350090511322021, 0.944396230506897, 0.9021201583862305, 0.8820212631225586, 0.8789262170791626, 0.8707319051742554, 0.8434503149032593, 0.8486662202835084, 0.8121520121574402, 0.8183982513427734]}